Programa,Situação,taxa_media,n_cursos,ano
FIES,Com apoio,0.4531487269858003,49,2023
FIES,Sem apoio,0.3657695365500557,401643,2023
FIES,Com apoio,0.5618104703789513,89,2024
FIES,Sem apoio,0.4079772095587881,379779,2024
