Rede,taxa_media,n_cursos,ano
Privada,0.365710773142068,398023,2023
Pública,0.3733113104036586,3669,2023
Privada,0.4089486801699987,375706,2024
Pública,0.323571592729732,4162,2024
