ano,n_cursos,taxa_media,taxa_mediana
2023,401692,0.36578019541389006,0.25
2024,379868,0.4080132514475837,0.3333333333333333
