ano,n_vinculos,n_instituicoes,n_cursos_distintos,taxa_media,taxa_mediana
2023,401692,639,8935,0.36578019541389006,0.25
2024,379868,682,9269,0.4080132514475837,0.3333333333333333
